Item,Smu1.Time[1][1],Smu1.V[1][1],Smu1.I[1][1],
1,0,-1,-0,0384770631790161,
2,0,12050838,-0,998,-0,0384316593408585,
3,0,24094622,-0,996,-0,0384645909070969,
4,0,3613867,-0,994,-0,0384341776371002,
5,0,48185534,-0,992,-0,0384421646595001,
6,0,60228226,-0,99,-0,0384425073862076,
7,0,72273656,-0,988,-0,0384323447942734,
8,0,84316484,-0,986,-0,0384559631347656,
9,0,96363056,-0,984,-0,0384228378534317,
10,1,08406202,-0,982,-0,0384542495012283,
11,1,20451044,-0,98,-0,0384323447942734,
12,1,32495976,-0,978,-0,0384406298398972,
13,1,44541504,-0,976,-0,0384461730718613,
14,1,56584528,-0,974,-0,0384222418069839,
15,1,68629026,-0,972,-0,0384527593851089,
16,1,80674002,-0,97,-0,0384257435798645,
17,1,92717884,-0,968,-0,038435623049736,
18,2,04764518,-0,966,-0,0384266525506973,
19,2,16807778,-0,964,-0,0384253710508347,
20,2,28854092,-0,962,-0,0384297966957092,
21,2,40896602,-0,96,-0,0384081304073334,
22,2,52943596,-0,958,-0,0384343862533569,
23,2,64987232,-0,956,-0,0384088158607483,
24,2,77031914,-0,954,-0,0384244918823242,
25,2,89075862,-0,952,-0,0384195446968079,
26,3,01121044,-0,95,-0,0384191274642944,
27,3,13166348,-0,948,-0,0384248197078705,
28,3,25212494,-0,946,-0,038419783115387,
29,3,37255808,-0,944,-0,038439929485321,
30,3,49301384,-0,942,-0,038417786359787,
31,3,61346546,-0,94,-0,0384271591901779,
32,3,73390062,-0,938,-0,0384230017662048,
33,3,85435174,-0,936,-0,0384134203195572,
34,3,97477318,-0,934,-0,0384215265512466,
35,4,0952229,-0,932,-0,0383995622396469,
36,4,21566256,-0,93,-0,0384115725755692,
37,4,33610876,-0,928,-0,0383948236703873,
38,4,45654624,-0,926,-0,0384041219949722,
39,4,57699788,-0,924,-0,0383983701467514,
40,4,69743868,-0,922,-0,0383879542350769,
41,4,81789122,-0,92,-0,0384011268615723,
42,4,93833416,-0,918,-0,0383839756250381,
43,5,05878934,-0,916,-0,0383950024843216,
44,5,1792288,-0,914,-0,0383898317813873,
45,5,29968448,-0,912,-0,0383899956941605,
46,5,42013826,-0,91,-0,0383913516998291,
47,5,54057864,-0,908,-0,0383861660957336,
48,5,66102488,-0,906,-0,038399413228035,
49,5,7814754,-0,904,-0,0383929908275604,
50,5,90192846,-0,902,-0,0384028702974319,
51,6,02237904,-0,9,-0,038394570350647,
52,6,14284526,-0,898,-0,0384004414081573,
53,6,26327882,-0,896,-0,038397878408432,
54,6,3837471,-0,894,-0,0383852273225784,
55,6,5041835,-0,892,-0,0383996218442917,
56,6,62463814,-0,89,-0,0383846908807755,
57,6,74508772,-0,888,-0,0383945405483246,
58,6,8655312,-0,886,-0,0383885204792023,
59,6,98598844,-0,884,-0,0383781641721725,
60,7,10643368,-0,882,-0,0383913964033127,
61,7,22688368,-0,88,-0,0383815169334412,
62,7,34731992,-0,878,-0,038384810090065,
63,7,46777992,-0,876,-0,0383703708648682,
64,7,58819978,-0,874,-0,0383667647838593,
65,7,70865846,-0,872,-0,0383685678243637,
66,7,82909032,-0,87,-0,0383613258600235,
67,7,94953672,-0,868,-0,0383740961551666,
68,8,06999014,-0,866,-0,0383589714765549,
69,8,19044766,-0,864,-0,0383735746145248,
70,8,310886,-0,862,-0,0383685231208801,
71,8,4313269,-0,86,-0,0383725762367249,
72,8,55176808,-0,858,-0,0383872836828232,
73,8,67221788,-0,856,-0,0383775234222412,
74,8,79268372,-0,854,-0,0383959859609604,
75,8,91312264,-0,852,-0,0383833199739456,
76,9,03357498,-0,85,-0,0384000241756439,
77,9,15401646,-0,848,-0,0383993536233902,
78,9,27447726,-0,846,-0,0384062528610229,
79,9,39490508,-0,844,-0,0384071171283722,
80,9,51536568,-0,842,-0,0383927524089813,
81,9,63580834,-0,84,-0,0384032130241394,
82,9,75625078,-0,838,-0,0383754372596741,
83,9,87668606,-0,836,-0,0383851826190948,
84,9,9971453,-0,834,-0,0383572578430176,
85,10,11757868,-0,832,-0,0383592396974564,
86,10,23802484,-0,83,-0,0383555591106415,
87,10,35847896,-0,828,-0,0383321791887283,
88,10,47892248,-0,826,-0,0383594334125519,
89,10,59937292,-0,824,-0,038338840007782,
90,10,71983348,-0,822,-0,0383678078651428,
91,10,8402729,-0,82,-0,0383564829826355,
92,10,96071816,-0,818,-0,0383603870868683,
93,11,0811732,-0,816,-0,0383761823177338,
94,11,20160572,-0,814,-0,038357600569725,
95,11,32206384,-0,812,-0,0383755266666412,
96,11,4424959,-0,81,-0,0383327156305313,
97,11,56296416,-0,808,-0,0383544415235519,
98,11,68340506,-0,806,-0,0382680296897888,
99,11,80385484,-0,804,-0,0382535308599472,
100,11,92430048,-0,802,-0,038144513964653,
101,12,04472878,-0,8,-0,0380673855543137,
102,12,16517026,-0,798,-0,0380503982305527,
103,12,28561944,-0,796,-0,037987694144249,
104,12,4060714,-0,794,-0,0379929542541504,
105,12,52651814,-0,792,-0,0379491150379181,
106,12,64695872,-0,79,-0,0379437059164047,
107,12,76739968,-0,788,-0,0379139333963394,
108,12,88784602,-0,786,-0,0378977954387665,
109,13,00828022,-0,784,-0,0378845632076263,
110,13,1287316,-0,782,-0,037865549325943,
111,13,24917056,-0,78,-0,0378726273775101,
112,13,36961156,-0,778,-0,0378391593694687,
113,13,49006188,-0,776,-0,037841260433197,
114,13,61049034,-0,774,-0,0370691567659378,
115,13,73095448,-0,772,-0,0361983627080917,
116,13,85139508,-0,77,-0,0357345193624496,
117,13,97184804,-0,768,-0,0355919301509857,
118,14,09228422,-0,766,-0,0354147702455521,
119,14,21273824,-0,764,-0,0355037748813629,
120,14,33318302,-0,762,-0,0354420691728592,
121,14,4536251,-0,76,-0,035418838262558,
122,14,5740634,-0,758,-0,0354000926017761,
123,14,69451358,-0,756,-0,0353164821863174,
124,14,81495552,-0,754,-0,0353851318359375,
125,14,93538062,-0,752,-0,0352834314107895,
126,15,0558363,-0,75,-0,0353051573038101,
127,15,17628526,-0,748,-0,0352574735879898,
128,15,2967462,-0,746,-0,0352743864059448,
129,15,41719638,-0,744,-0,0352416187524796,
130,15,53765764,-0,742,-0,0352640002965927,
131,15,65809452,-0,74,-0,035294383764267,
132,15,77855328,-0,738,-0,0352738052606583,
133,15,8989948,-0,736,-0,0353157222270966,
134,16,01944618,-0,734,-0,0352679342031479,
135,16,1398766,-0,732,-0,0353106409311295,
136,16,26034686,-0,73,-0,0352878570556641,
137,16,3807936,-0,728,-0,0353040546178818,
138,16,5012497,-0,726,-0,035298764705658,
139,16,62168844,-0,724,-0,035276010632515,
140,16,74214,-0,722,-0,0352962166070938,
141,16,862593,-0,72,-0,0352573692798615,
142,16,98302654,-0,718,-0,0352884382009506,
143,17,1034773,-0,716,-0,0352440923452377,
144,17,22391278,-0,714,-0,0352673381567001,
145,17,34437608,-0,712,-0,035254955291748,
146,17,46481004,-0,71,-0,0352469980716705,
147,17,58526844,-0,708,-0,0352707654237747,
148,17,70571616,-0,706,-0,0352414548397064,
149,17,82618596,-0,704,-0,0352712720632553,
150,17,94662386,-0,702,-0,0352378040552139,
151,18,06707156,-0,7,-0,035270556807518,
152,18,18751296,-0,698,-0,0352474749088287,
153,18,30795962,-0,696,-0,0352534651756287,
154,18,42840348,-0,694,-0,035250797867775,
155,18,548836,-0,692,-0,0352290719747543,
156,18,66929016,-0,69,-0,0352524966001511,
157,18,7897377,-0,688,-0,0352221131324768,
158,18,9101912,-0,686,-0,0352469682693481,
159,19,0306223,-0,684,-0,0352242439985275,
160,19,15107688,-0,682,-0,0352381616830826,
161,19,2715235,-0,68,-0,035240039229393,
162,19,39197354,-0,678,-0,0352319926023483,
163,19,51241588,-0,676,-0,0352525413036346,
164,19,63287264,-0,674,-0,0352339595556259,
165,19,75332104,-0,672,-0,0352575480937958,
166,19,87375766,-0,67,-0,035244420170784,
167,19,99419792,-0,668,-0,0352540761232376,
168,20,11463184,-0,666,-0,0352555513381958,
169,20,23508018,-0,664,-0,0352495461702347,
170,20,35552998,-0,662,-0,0352596640586853,
171,20,47597566,-0,66,-0,0352330356836319,
172,20,59642046,-0,658,-0,0352572202682495,
173,20,71687128,-0,656,-0,03523950278759,
174,20,8373145,-0,654,-0,0352481752634048,
175,20,95777172,-0,652,-0,0352398306131363,
176,21,0782125,-0,65,-0,0352342575788498,
177,21,19867382,-0,648,-0,0352416336536407,
178,21,319102,-0,646,-0,0352243185043335,
179,21,4395488,-0,644,-0,0352384299039841,
180,21,5600139,-0,642,-0,0352225005626678,
181,21,68045262,-0,64,-0,0352311283349991,
182,21,8009094,-0,638,-0,0352306663990021,
183,21,92135028,-0,636,-0,0352334082126617,
184,22,04180826,-0,634,-0,0352326333522797,
185,22,16224196,-0,632,-0,0352321714162827,
186,22,28269488,-0,63,-0,0352397114038467,
187,22,40312352,-0,628,-0,0352302491664886,
188,22,52358756,-0,626,-0,0352460891008377,
189,22,64401648,-0,624,-0,0352377444505692,
190,22,76448164,-0,622,-0,0352397561073303,
191,22,8849259,-0,62,-0,0352418273687363,
192,23,00537764,-0,618,-0,0352333337068558,
193,23,12583932,-0,616,-0,0352477133274078,
194,23,24627072,-0,614,-0,0352317541837692,
195,23,36672838,-0,612,-0,035238578915596,
196,23,48715256,-0,61,-0,0352304130792618,
197,23,60759958,-0,608,-0,0352332890033722,
198,23,72803462,-0,606,-0,0352335721254349,
199,23,84848776,-0,604,-0,035218819975853,
200,23,96892816,-0,602,-0,035229504108429,
201,24,08938376,-0,6,-0,035225123167038,
202,24,20983384,-0,598,-0,0352311730384827,
203,24,330289,-0,596,-0,0352264195680618,
204,24,45074234,-0,594,-0,0352310389280319,
205,24,57119178,-0,592,-0,0352329462766647,
206,24,6916411,-0,59,-0,0352245271205902,
207,24,81208992,-0,588,-0,0352324545383453,
208,24,93256032,-0,586,-0,0352266132831573,
209,25,05300454,-0,584,-0,0352323204278946,
210,25,17344536,-0,582,-0,0352272093296051,
211,25,29388002,-0,58,-0,0352292954921722,
212,25,41432728,-0,578,-0,0352289229631424,
213,25,534762,-0,576,-0,0352257341146469,
214,25,65521542,-0,574,-0,0352305769920349,
215,25,77566754,-0,572,-0,0352233648300171,
216,25,89613096,-0,57,-0,0352283865213394,
217,26,0165797,-0,568,-0,0352204442024231,
218,26,13700498,-0,566,-0,0352245420217514,
219,26,25744834,-0,564,-0,0352225452661514,
220,26,37788508,-0,562,-0,0352174043655396,
221,26,49833124,-0,56,-0,0352228283882141,
222,26,61877058,-0,558,-0,035212904214859,
223,26,73921784,-0,556,-0,0352182984352112,
224,26,85964494,-0,554,-0,0352125465869904,
225,26,98010152,-0,552,-0,0352175682783127,
226,27,10051772,-0,55,-0,0352182984352112,
227,27,22096626,-0,548,-0,0352181196212769,
228,27,34138814,-0,546,-0,0352228432893753,
229,27,46185226,-0,544,-0,0352133810520172,
230,27,58229482,-0,542,-0,0352223664522171,
231,27,70276524,-0,54,-0,0352181196212769,
232,27,82320824,-0,538,-0,0352214574813843,
233,27,94364014,-0,536,-0,035219669342041,
234,28,06410098,-0,534,-0,0352223664522171,
235,28,18453922,-0,532,-0,0352235436439514,
236,28,3049851,-0,53,-0,0352213680744171,
237,28,42542744,-0,528,-0,0352236926555634,
238,28,545892,-0,526,-0,0352180302143097,
239,28,66633042,-0,524,-0,0352187007665634,
240,28,7867881,-0,522,-0,0352198332548141,
241,28,90722538,-0,52,-0,0352169126272202,
242,29,02768648,-0,518,-0,0352164208889008,
243,29,14811032,-0,516,-0,0352126955986023,
244,29,26857276,-0,514,-0,0352179408073425,
245,29,3890239,-0,512,-0,0352136194705963,
246,29,50945374,-0,51,-0,0352152734994888,
247,29,62990156,-0,508,-0,0352155268192291,
248,29,75034152,-0,506,-0,0352171659469604,
249,29,8707812,-0,504,-0,0352154821157455,
250,29,9912148,-0,502,-0,0352141261100769,
251,30,11167742,-0,5,-0,0352210700511932,
252,30,23212568,-0,498,-0,035211980342865,
253,30,35257898,-0,496,-0,0352149903774261,
254,30,47302424,-0,494,-0,03521728515625,
255,30,59348158,-0,492,-0,0352115035057068,
256,30,71393446,-0,49,-0,0352190881967545,
257,30,83437866,-0,488,-0,0352153182029724,
258,30,954817,-0,486,-0,0352143198251724,
259,31,07524836,-0,484,-0,0352137535810471,
260,31,19568404,-0,482,-0,0352166295051575,
261,31,31612922,-0,48,-0,0352159887552261,
262,31,43658028,-0,478,-0,0352130830287933,
263,31,55700396,-0,476,-0,0351977944374084,
264,31,6774623,-0,474,-0,0351778715848923,
265,31,79790768,-0,472,-0,0351845324039459,
266,31,91835164,-0,47,-0,0351683497428894,
267,32,03878156,-0,468,-0,0351605117321014,
268,32,15923862,-0,466,-0,035173237323761,
269,32,27967948,-0,464,-0,0351741462945938,
270,32,40013658,-0,462,-0,0351875573396683,
271,32,52057808,-0,46,-0,0352235287427902,
272,32,64101386,-0,458,-0,0352317094802856,
273,32,76146114,-0,456,-0,0352481305599213,
274,32,88189728,-0,454,-0,0352671891450882,
275,33,0023529,-0,452,-0,0352697670459747,
276,33,12278914,-0,45,-0,0352784246206284,
277,33,2432498,-0,448,-0,0352757126092911,
278,33,36368524,-0,446,-0,0352623760700226,
279,33,48414888,-0,444,-0,03525610268116,
280,33,60459652,-0,442,-0,0352461338043213,
281,33,72504646,-0,44,-0,0352344512939453,
282,33,8454841,-0,438,-0,0352221131324768,
283,33,96593918,-0,436,-0,0352096259593964,
284,34,08638012,-0,434,-0,0352025777101517,
285,34,2068092,-0,432,-0,035198912024498,
286,34,32726012,-0,43,-0,0351961255073547,
287,34,44770364,-0,428,-0,0351913124322891,
288,34,56815424,-0,426,-0,0351919531822205,
289,34,68859398,-0,424,-0,0351950824260712,
290,34,80904756,-0,422,-0,0352011024951935,
291,34,92949306,-0,42,-0,0352030396461487,
292,35,04993816,-0,418,-0,035210981965065,
293,35,17037394,-0,416,-0,0352146923542023,
294,35,2908175,-0,414,-0,0352153331041336,
295,35,41125582,-0,412,-0,0352183282375336,
296,35,53169992,-0,41,-0,0352210700511932,
297,35,65214124,-0,408,-0,0352187752723694,
298,35,77258326,-0,406,-0,035215362906456,
299,35,89304832,-0,404,-0,0352129191160202,
300,36,01348824,-0,402,-0,0352114588022232,
301,36,13394012,-0,4,-0,0352084189653397,
302,36,2543838,-0,398,-0,0352043956518173,
303,36,3748411,-0,396,-0,0352000743150711,
304,36,49529338,-0,394,-0,0351987481117249,
305,36,61574122,-0,392,-0,0351964086294174,
306,36,73619842,-0,39,-0,0351924747228622,
307,36,85664076,-0,388,-0,0351916253566742,
308,36,9770891,-0,386,-0,0351924002170563,
309,37,0975346,-0,384,-0,0351946204900742,
310,37,21796976,-0,382,-0,0351916253566742,
311,37,33843024,-0,38,-0,0351958572864532,
312,37,45887814,-0,378,-0,0351913720369339,
313,37,57930574,-0,376,-0,0351990759372711,
314,37,69975296,-0,374,-0,0351993590593338,
315,37,82019328,-0,372,-0,0351989567279816,
316,37,94064372,-0,37,-0,0351980775594711,
317,38,06106996,-0,368,-0,035195916891098,
318,38,18151084,-0,366,-0,035193145275116,
319,38,30196236,-0,364,-0,035186231136322,
320,38,42242992,-0,362,-0,0351824313402176,
321,38,54287836,-0,36,-0,0351763963699341,
322,38,66333442,-0,358,-0,0351775139570236,
323,38,78376462,-0,356,-0,035175159573555,
324,38,90422752,-0,354,-0,0351703464984894,
325,39,0246748,-0,352,-0,0351601392030716,
326,39,1451007,-0,35,-0,0351588577032089,
327,39,26555876,-0,348,-0,0351554304361343,
328,39,38599408,-0,346,-0,0351567566394806,
329,39,50644434,-0,344,-0,0351649075746536,
330,39,6268788,-0,342,-0,0351683497428894,
331,39,74733882,-0,34,-0,0351769328117371,
332,39,86777956,-0,338,-0,0351865738630295,
333,39,9882446,-0,336,-0,0351921170949936,
334,40,10867728,-0,334,-0,035200908780098,
335,40,22912698,-0,332,-0,0352054536342621,
336,40,34955598,-0,33,-0,0352051258087158,
337,40,47001724,-0,328,-0,0352002084255219,
338,40,59045286,-0,326,-0,0351987332105637,
339,40,71094178,-0,324,-0,0351864844560623,
340,40,83139474,-0,322,-0,0351888984441757,
341,40,95182842,-0,32,-0,0351827293634415,
342,41,07229034,-0,318,-0,0351816117763519,
343,41,19273014,-0,316,-0,0351734906435013,
344,41,31317992,-0,314,-0,0351753979921341,
345,41,43361088,-0,312,-0,035176694393158,
346,41,55405664,-0,31,-0,0351724773645401,
347,41,67449242,-0,308,-0,0351757854223251,
348,41,79495434,-0,306,-0,0351750254631042,
349,41,91540788,-0,304,-0,0351763516664505,
350,42,03586392,-0,302,-0,0351790338754654,
351,42,15630224,-0,3,-0,0351772457361221,
352,42,2767454,-0,298,-0,0351811051368713,
353,42,39717806,-0,296,-0,0351728945970535,
354,42,51763118,-0,294,-0,0351805239915848,
355,42,638084,-0,292,-0,035177156329155,
356,42,75851452,-0,29,-0,0351796448230743,
357,42,87896286,-0,288,-0,0351817011833191,
358,42,99941662,-0,286,-0,0351779758930206,
359,43,11986286,-0,284,-0,0351811051368713,
360,43,24029874,-0,282,-0,0351804345846176,
361,43,3607559,-0,28,-0,035185307264328,
362,43,48120128,-0,278,-0,0351839363574982,
363,43,60167396,-0,276,-0,0351912677288055,
364,43,72212586,-0,274,-0,03519107401371,
365,43,84257458,-0,272,-0,0351970344781876,
366,43,96302118,-0,27,-0,0351956635713577,
367,44,08346946,-0,268,-0,0351922661066055,
368,44,2039289,-0,266,-0,0352009981870651,
369,44,32435946,-0,264,-0,03519606590271,
370,44,4448099,-0,262,-0,0351950377225876,
371,44,56524638,-0,26,-0,0351965725421906,
372,44,68571384,-0,258,-0,0351943224668503,
373,44,80616114,-0,256,-0,0351927876472473,
374,44,9266096,-0,254,-0,0351856499910355,
375,45,04703064,-0,252,-0,0351782292127609,
376,45,16750098,-0,25,-0,0351631492376328,
377,45,28793616,-0,248,-0,0351638048887253,
378,45,40839784,-0,246,-0,0351527780294418,
379,45,52882986,-0,244,-0,0351469814777374,
380,45,64926876,-0,242,-0,0351468622684479,
381,45,76972598,-0,24,-0,0351390689611435,
382,45,89016458,-0,238,-0,0351420938968658,
383,46,01061406,-0,236,-0,0351293832063675,
384,46,13106274,-0,234,-0,0351391732692719,
385,46,25152114,-0,232,-0,0351464748382568,
386,46,37195836,-0,23,-0,0351462662220001,
387,46,492422,-0,228,-0,0351510941982269,
388,46,6128624,-0,226,-0,0351567566394806,
389,46,73332858,-0,224,-0,0351720154285431,
390,46,85378062,-0,222,-0,0351839065551758,
391,46,97422562,-0,22,-0,0351973623037338,
392,47,09467842,-0,218,-0,0352044552564621,
393,47,21513512,-0,216,-0,035201370716095,
394,47,33558154,-0,214,-0,0351981222629547,
395,47,45601944,-0,212,-0,0351893752813339,
396,47,57645778,-0,21,-0,0351871401071548,
397,47,69690118,-0,208,-0,0351683050394058,
398,47,8173485,-0,206,-0,0351633578538895,
399,47,9377812,-0,204,-0,0351590216159821,
400,48,05823752,-0,202,-0,0351536870002747,
401,48,17867434,-0,2,-0,035161018371582,
402,48,29912696,-0,198,-0,0351593047380447,
403,48,4195811,-0,196,-0,0351735353469849,
404,48,5400409,-0,194,-0,0351776927709579,
405,48,66045898,-0,192,-0,0351988971233368,
406,48,78093292,-0,19,-0,0351993292570114,
407,48,90139796,-0,188,-0,0352121293544769,
408,49,02184794,-0,186,-0,0352121889591217,
409,49,14231022,-0,184,-0,0352059155702591,
410,49,26274172,-0,182,-0,0352080762386322,
411,49,38318184,-0,18,-0,0352078378200531,
412,49,50362262,-0,178,-0,0352025628089905,
413,49,62407776,-0,176,-0,0351995825767517,
414,49,74450872,-0,174,-0,0351958721876144,
415,49,86496418,-0,172,-0,0351966023445129,
416,49,98540324,-0,17,-0,0351909101009369,
417,50,1058723,-0,168,-0,0351854413747787,
418,50,22630178,-0,166,-0,0351752638816834,
419,50,34675978,-0,164,-0,0351680666208267,
420,50,46720392,-0,162,-0,0351631045341492,
421,50,5876538,-0,16,-0,0351587235927582,
422,50,7081112,-0,158,-0,0351505875587463,
423,50,82855136,-0,156,-0,0351344347000122,
424,50,94901358,-0,154,-0,0351274758577347,
425,51,06943988,-0,152,-0,0351120382547379,
426,51,1898939,-0,15,-0,0351009070873261,
427,51,3103401,-0,148,-0,0350948721170425,
428,51,43079528,-0,146,-0,0350868403911591,
429,51,55122734,-0,144,-0,0350821316242218,
430,51,67168104,-0,142,-0,0350842773914337,
431,51,79212614,-0,14,-0,0350914299488068,
432,51,91255716,-0,138,-0,0350954532623291,
433,52,0330093,-0,136,-0,0351014733314514,
434,52,15344578,-0,134,-0,0350823253393173,
435,52,27391106,-0,132,-0,0351073443889618,
436,52,39435112,-0,13,-0,0351271331310272,
437,52,51481166,-0,128,-0,0351359695196152,
438,52,63525906,-0,126,-0,0351704359054565,
439,52,75570332,-0,124,-0,0351855307817459,
440,52,87614436,-0,122,-0,0352219194173813,
441,52,99659288,-0,12,-0,0352481752634048,
442,53,11703176,-0,118,-0,0352576822042465,
443,53,23750066,-0,116,-0,0352562963962555,
444,53,35792858,-0,114,-0,0352482050657272,
445,53,47835326,-0,112,-0,0352273434400558,
446,53,59881176,-0,11,-0,0352046191692352,
447,53,71926344,-0,108,-0,0351854115724564,
448,53,83970504,-0,106,-0,0351593643426895,
449,53,96015132,-0,104,-0,0351522266864777,
450,54,08060192,-0,102,-0,0351493507623672,
451,54,20105916,-0,1,-0,0351616740226746,
452,54,32151602,-0,098,-0,0351805984973907,
453,54,44196334,-0,096,-0,0351922363042831,
454,54,56241058,-0,094,-0,0352229624986649,
455,54,68284218,-0,092,-0,0352307856082916,
456,54,80329422,-0,09,-0,0352524220943451,
457,54,92373766,-0,088,-0,0352457612752914,
458,55,04418294,-0,086,-0,0352319031953812,
459,55,16462548,-0,084,-0,0352225750684738,
460,55,28507098,-0,082,-0,0351918339729309,
461,55,40552462,-0,08,-0,0351535975933075,
462,55,52596012,-0,078,-0,0351149290800095,
463,55,64642156,-0,076,-0,0350915789604187,
464,55,7668586,-0,074,-0,0350571572780609,
465,55,88731906,-0,072,-0,0350454896688461,
466,56,00775826,-0,07,-0,0350259393453598,
467,56,12818074,-0,068,-0,0350252389907837,
468,56,24862442,-0,066,-0,0350356996059418,
469,56,36905862,-0,064,-0,0350461453199387,
470,56,48951208,-0,062,-0,0350707769393921,
471,56,60995802,-0,06,-0,0350755006074905,
472,56,7304095,-0,058,-0,0351009964942932,
473,56,85084214,-0,056,-0,0351073741912842,
474,56,97130216,-0,054,-0,0351329296827316,
475,57,0917171,-0,052,-0,0351439863443375,
476,57,21218734,-0,05,-0,0351512134075165,
477,57,33262612,-0,048,-0,0351638495922089,
478,57,45308336,-0,046,-0,0351649075746536,
479,57,57351066,-0,044,-0,0351796448230743,
480,57,69393126,-0,042,-0,0351722836494446,
481,57,81440434,-0,04,-0,0351818203926086,
482,57,9348374,-0,038,-0,0351753532886505,
483,58,05527632,-0,036,-0,0351646989583969,
484,58,175701,-0,034,-0,0351707339286804,
485,58,29617208,-0,032,-0,0351616442203522,
486,58,41662764,-0,03,-0,0351646840572357,
487,58,53707392,-0,028,-0,0351543575525284,
488,58,65752028,-0,026,-0,0351524651050568,
489,58,77796644,-0,024,-0,0351543873548508,
490,58,8984023,-0,022,-0,0351472198963165,
491,59,01884924,-0,02,-0,0351531058549881,
492,59,13928028,-0,018,-0,0351472347974777,
493,59,25973038,-0,016,-0,0351525694131851,
494,59,3801907,-0,014,-0,0351520478725433,
495,59,50063308,-0,012,-0,0351599901914597,
496,59,62109726,-0,01,-0,0351593196392059,
497,59,74153678,-0,008,-0,0351625084877014,
498,59,86199202,-0,006,-0,0351688861846924,
499,59,9824298,-0,004,-0,0351709723472595,
500,60,10288874,-0,002,-0,0351832807064056,
501,60,2233414,0,-0,0351847857236862,
502,60,3441019,0,002,-0,0351982712745667,
503,60,46454452,0,004,-0,0352033227682114,
504,60,5849993,0,006,-0,0352087467908859,
505,60,70547032,0,008,-0,0352110266685486,
506,60,825915,0,01,-0,0352117717266083,
507,60,94635512,0,012,-0,0352137088775635,
508,61,06680286,0,014,-0,0352046936750412,
509,61,18726452,0,016,-0,0351997911930084,
510,61,30769858,0,018,-0,0351861864328384,
511,61,42815502,0,02,-0,0351774394512177,
512,61,5485923,0,022,-0,0351676046848297,
513,61,66905228,0,024,-0,0351584255695343,
514,61,7894813,0,026,-0,0351558178663254,
515,61,90994082,0,028,-0,0351450145244598,
516,62,03039128,0,03,-0,0351461470127106,
517,62,15083652,0,032,-0,0351395905017853,
518,62,27127638,0,034,-0,0351371318101883,
519,62,39173422,0,036,-0,0351376682519913,
520,62,51216536,0,038,-0,0351369380950928,
521,62,63260956,0,04,-0,0351386368274689,
522,62,75306482,0,042,-0,0351398140192032,
523,62,8734965,0,044,-0,0351412296295166,
524,62,99393584,0,046,-0,0351439714431763,
525,63,11438428,0,048,-0,0351449698209763,
526,63,23484738,0,05,-0,0351556837558746,
527,63,35528686,0,052,-0,0351525098085403,
528,63,47574092,0,054,-0,0351567566394806,
529,63,59617802,0,056,-0,0351564884185791,
530,63,71665452,0,058,-0,0351585298776627,
531,63,83710016,0,06,-0,0351538211107254,
532,63,95755958,0,062,-0,0351519882678986,
533,64,07799748,0,064,-0,0351475477218628,
534,64,19843434,0,066,-0,035142794251442,
535,64,31889704,0,068,-0,0351438522338867,
536,64,43933418,0,07,-0,035135418176651,
537,64,5597978,0,072,-0,0351348966360092,
538,64,68023674,0,074,-0,0351341366767883,
539,64,80069452,0,076,-0,0351354777812958,
540,64,92113576,0,078,-0,0351327657699585,
541,65,0416076,0,08,-0,0351275056600571,
542,65,16202964,0,082,-0,0351355522871017,
543,65,28248016,0,084,-0,0351321697235107,
544,65,4029125,0,086,-0,0351325869560242,
545,65,52337042,0,088,-0,0351274162530899,
546,65,64381028,0,09,-0,0351314395666122,
547,65,7642587,0,092,-0,0351320207118988,
548,65,88469346,0,094,-0,0351365208625793,
549,66,00512734,0,096,-0,035139724612236,
550,66,12557878,0,098,-0,0351384282112122,
551,66,24602674,0,1,-0,0351360440254211,
552,66,36646516,0,102,-0,0351395010948181,
553,66,48689424,0,104,-0,0351352691650391,
554,66,60734298,0,106,-0,0351367145776749,
555,66,72778508,0,108,-0,0351350158452988,
556,66,84821838,0,11,-0,0351335108280182,
557,66,96865828,0,112,-0,0351342111825943,
558,67,0891031,0,114,-0,0351323336362839,
559,67,20954036,0,116,-0,0351308584213257,
560,67,329986,0,118,-0,0351321250200272,
561,67,45042062,0,12,-0,035135418176651,
562,67,57085968,0,122,-0,0351299643516541,
563,67,69130968,0,124,-0,0351345092058182,
564,67,8117396,0,126,-0,0351305902004242,
565,67,93217954,0,128,-0,0351337194442749,
566,68,05263228,0,13,-0,0351302623748779,
567,68,17308166,0,132,-0,035133883357048,
568,68,29352058,0,134,-0,0351295471191406,
569,68,41396396,0,136,-0,0351350456476212,
570,68,53441002,0,138,-0,0351376831531525,
571,68,65487994,0,14,-0,0351347923278809,
572,68,77531102,0,142,-0,0351365208625793,
573,68,89577008,0,144,-0,0351296663284302,
574,69,01621512,0,146,-0,0351302921772003,
575,69,136667,0,148,-0,0351212471723557,
576,69,2571252,0,15,-0,0351225584745407,
577,69,37756768,0,152,-0,0351228713989258,
578,69,49800346,0,154,-0,0351112484931946,
579,69,61844084,0,156,-0,0351088345050812,
580,69,73889756,0,158,-0,0350945144891739,
581,69,85932078,0,16,-0,0350830405950546,
582,69,97977692,0,162,-0,0350722372531891,
583,70,10020948,0,164,-0,0350657850503922,
584,70,22065432,0,166,-0,0350656062364578,
585,70,34108972,0,168,-0,0350572913885117,
586,70,46154498,0,17,-0,0350633561611176,
587,70,58198554,0,172,-0,0350648164749146,
588,70,7024547,0,174,-0,0350775718688965,
589,70,8229032,0,176,-0,0350821614265442,
590,70,94333626,0,178,-0,0350924581289291,
591,71,06380054,0,18,-0,0351061373949051,
592,71,18422108,0,182,-0,0351113826036453,
593,71,30468036,0,184,-0,03512142598629,
594,71,42510738,0,186,-0,0351305603981018,
595,71,5455678,0,188,-0,0351394414901733,
596,71,66602154,0,19,-0,0351408869028091,
597,71,78647922,0,192,-0,0351389348506927,
598,71,9069335,0,194,-0,0351422131061554,
599,72,02739456,0,196,-0,0351331681013107,
600,72,14785512,0,198,-0,0351303964853287,
601,72,26830336,0,2,-0,0351221412420273,
602,72,38872744,0,202,-0,0351144522428513,
603,72,50916468,0,204,-0,0351045429706573,
604,72,6296289,0,206,-0,035096287727356,
605,72,75007622,0,208,-0,0350913256406784,
606,72,87051984,0,21,-0,0350864678621292,
607,72,99096022,0,212,-0,0350796282291412,
608,73,11142566,0,214,-0,0350784212350845,
609,73,23187904,0,216,-0,0350766330957413,
610,73,35231742,0,218,-0,0350786745548248,
611,73,47274942,0,22,-0,0350817888975143,
612,73,59320036,0,222,-0,0350881963968277,
613,73,71363828,0,224,-0,035084992647171,
614,73,83409336,0,226,-0,0350943058729172,
615,73,9545342,0,228,-0,0351005345582962,
616,74,07498928,0,23,-0,0351006686687469,
617,74,19543874,0,232,-0,0350973010063171,
618,74,31587482,0,234,-0,0350966155529022,
619,74,43633084,0,236,-0,0350960046052933,
620,74,55676752,0,238,-0,0350910723209381,
621,74,67722204,0,24,-0,0350881963968277,
622,74,79766374,0,242,-0,0350855439901352,
623,74,9181199,0,244,-0,0350811928510666,
624,75,03855968,0,246,-0,0350749939680099,
625,75,1590065,0,248,-0,0350671112537384,
626,75,27943706,0,25,-0,0350654870271683,
627,75,39989616,0,252,-0,0350548177957535,
628,75,52034132,0,254,-0,0350514948368073,
629,75,64080486,0,256,-0,0350514948368073,
630,75,7612591,0,258,-0,0350534170866013,
631,75,8816943,0,26,-0,0350467711687088,
632,76,00214906,0,262,-0,0350510776042938,
633,76,12258106,0,264,-0,0350537002086639,
634,76,24304218,0,266,-0,0350494980812073,
635,76,36348208,0,268,-0,0350511968135834,
636,76,4839368,0,27,-0,0350424349308014,
637,76,60436666,0,272,-0,0350394546985626,
638,76,7248218,0,274,-0,0350334942340851,
639,76,84526198,0,276,-0,0350296050310135,
640,76,96571768,0,278,-0,0350261181592941,
641,77,08615216,0,28,-0,0350137799978256,
642,77,20660108,0,282,-0,0350046753883362,
643,77,32703976,0,284,-0,0350017696619034,
644,77,44748204,0,286,-0,0349968522787094,
645,77,56792298,0,288,-0,0349970161914825,
646,77,68836816,0,29,-0,0349919348955154,
647,77,808828,0,292,-0,0349847972393036,
648,77,92926342,0,294,-0,0349781811237335,
649,78,04971102,0,296,-0,0349748432636261,
650,78,17014632,0,298,-0,0349707901477814,
651,78,29060752,0,3,-0,0349655002355576,
652,78,41103942,0,302,-0,0349632650613785,
653,78,5314999,0,304,-0,0349581837654114,
654,78,65193276,0,306,-0,0349566340446472,
655,78,77239958,0,308,-0,0349517613649368,
656,78,89283528,0,31,-0,0349518060684204,
657,79,0132769,0,312,-0,0349485874176025,
658,79,13373056,0,314,-0,0349468737840652,
659,79,2541688,0,316,-0,0349364876747131,
660,79,37461518,0,318,-0,0349293798208237,
661,79,49504768,0,32,-0,034928947687149,
662,79,6155029,0,322,-0,0349229574203491,
663,79,7359383,0,324,-0,0349125862121582,
664,79,85638308,0,326,-0,0349037349224091,
665,79,97681276,0,328,-0,0348962694406509,
666,80,09726588,0,33,-0,0348862707614899,
667,80,21770126,0,332,-0,0348730981349945,
668,80,33815008,0,334,-0,034865215420723,
669,80,45858424,0,336,-0,0348507761955261,
670,80,57901172,0,338,-0,0348381400108337,
671,80,69947578,0,34,-0,0348288416862488,
672,80,81991222,0,342,-0,0348254144191742,
673,80,94036042,0,344,-0,0348204970359802,
674,81,06077822,0,346,-0,0348071753978729,
675,81,18121924,0,348,-0,0347985327243805,
676,81,30165916,0,35,-0,0347901284694672,
677,81,42211752,0,352,-0,0347821563482285,
678,81,54256262,0,354,-0,0347702950239182,
679,81,66300488,0,356,-0,0347580760717392,
680,81,78343536,0,358,-0,0347520411014557,
681,81,90388204,0,36,-0,0347358137369156,
682,82,02433292,0,362,-0,0347260534763336,
683,82,1447802,0,364,-0,0347092747688293,
684,82,26520824,0,366,-0,0346985906362534,
685,82,38564858,0,368,-0,0346799790859222,
686,82,50610904,0,37,-0,0346611738204956,
687,82,62655522,0,372,-0,0346475690603256,
688,82,74700988,0,374,-0,0346252918243408,
689,82,86744532,0,376,-0,0346014052629471,
690,82,98789508,0,378,-0,0345866084098816,
691,83,10832852,0,38,-0,0345575958490372,
692,83,22878016,0,382,-0,0345418900251389,
693,83,34920284,0,384,-0,0345221310853958,
694,83,4696659,0,386,-0,0345007032155991,
695,83,59011422,0,388,-0,0344713628292084,
696,83,71057288,0,39,-0,0344503670930862,
697,83,8310008,0,392,-0,034425675868988,
698,83,9514369,0,394,-0,0343979150056839,
699,84,07188272,0,396,-0,0343722105026245,
700,84,19231226,0,398,-0,0343440324068069,
701,84,3127643,0,4,-0,0343146026134491,
702,84,43319482,0,402,-0,0342863500118256,
703,84,55366352,0,404,-0,0342573076486588,
704,84,6740876,0,406,-0,0342196375131607,
705,84,79453338,0,408,-0,0341866165399551,
706,84,91498026,0,41,-0,0341506600379944,
707,85,03543328,0,412,-0,0341125875711441,
708,85,15587088,0,414,-0,0340731143951416,
709,85,2763145,0,416,-0,0340281575918198,
710,85,39676664,0,418,-0,033987432718277,
711,85,51721346,0,42,-0,0339367240667343,
712,85,63767584,0,422,-0,0338862687349319,
713,85,75811418,0,424,-0,0338365137577057,
714,85,87857432,0,426,-0,0337793827056885,
715,85,99901968,0,428,-0,0337215662002563,
716,86,11947626,0,43,-0,033663421869278,
717,86,23992458,0,432,-0,0335982739925385,
718,86,3603619,0,434,-0,0335333496332169,
719,86,4807944,0,436,-0,0334637761116028,
720,86,60125552,0,438,-0,0333888977766037,
721,86,72168848,0,44,-0,0333108752965927,
722,86,8421296,0,442,-0,0332280993461609,
723,86,96256636,0,444,-0,0331447720527649,
724,87,08302048,0,446,-0,0330494940280914,
725,87,20346182,0,448,-0,0329626947641373,
726,87,32391366,0,45,-0,0328653156757355,
727,87,44436164,0,452,-0,0327635407447815,
728,87,564798,0,454,-0,0326516777276993,
729,87,68523936,0,456,-0,0325377136468887,
730,87,80569206,0,458,-0,0324139893054962,
731,87,92614512,0,46,-0,032285749912262,
732,88,04659562,0,462,-0,032149001955986,
733,88,16705824,0,464,-0,0320013165473938,
734,88,2874871,0,466,-0,0318486094474792,
735,88,4079313,0,468,-0,0316853225231171,
736,88,52837442,0,47,-0,0315130054950714,
737,88,64882538,0,472,-0,0313325077295303,
738,88,76926338,0,474,-0,0311426073312759,
739,88,88969856,0,476,-0,0309365093708038,
740,89,01015182,0,478,-0,0307258665561676,
741,89,13058366,0,48,-0,0304995179176331,
742,89,25103788,0,482,-0,0302641689777374,
743,89,37148366,0,484,-0,0300123393535614,
744,89,49193632,0,486,-0,0297440886497498,
745,89,61238198,0,488,-0,0294672548770905,
746,89,7328409,0,49,-0,0291685461997986,
747,89,85327186,0,492,-0,0288475453853607,
748,89,9737224,0,494,-0,0285210013389587,
749,90,09414654,0,496,-0,0281663537025452,
750,90,21459066,0,498,-0,0277948528528214,
751,90,33503318,0,5,-0,0273962914943695,
752,90,45546686,0,502,-0,0269788503646851,
753,90,57591794,0,504,-0,026543602347374,
754,90,6963555,0,506,-0,0260755270719528,
755,90,8168097,0,508,-0,0255816578865051,
756,90,93725754,0,51,-0,0250663459300995,
757,91,05771308,0,512,-0,024516835808754,
758,91,17816034,0,514,-0,0239442139863968,
759,91,29860192,0,516,-0,0233327597379684,
760,91,41904178,0,518,-0,0226845145225525,
761,91,53949158,0,52,-0,0220122784376144,
762,91,6599373,0,522,-0,0212913751602173,
763,91,78039098,0,524,-0,0205263644456863,
764,91,90083234,0,526,-0,0197374224662781,
765,92,02130286,0,528,-0,0188936144113541,
766,92,1417463,0,53,-0,0180186927318573,
767,92,2621788,0,532,-0,0170805752277374,
768,92,38262768,0,534,-0,016095831990242,
769,92,50305826,0,536,-0,0150736421346664,
770,92,62351818,0,538,-0,0139838308095932,
771,92,74397264,0,54,-0,012837827205658,
772,92,86442368,0,542,-0,0116488188505173,
773,92,98485932,0,544,-0,01038758456707,
774,93,19659822,0,546,-0,00892983190715313,
775,93,3170498,0,548,-0,00766103528439999,
776,93,4374985,0,55,-0,00620638579130173,
777,93,55794336,0,552,-0,00470287911593914,
778,93,67839262,0,554,-0,00311354175209999,
779,93,79883792,0,556,-0,00143780186772346,
780,94,0112843,0,558,0,000272223609499633,
781,94,24013542,0,56,0,00210713036358356,
782,94,36063658,0,562,0,00397883076220751,
783,94,48110002,0,564,0,00596832204610109,
784,94,60152742,0,566,0,00804027356207371,
785,94,72197308,0,568,0,0101658403873444,
786,94,95077238,0,57,0,0124634355306625,
787,95,07125354,0,572,0,0148180574178696,
788,95,19170126,0,574,0,0172285735607147,
789,95,31214628,0,576,0,0197708606719971,
790,95,43259632,0,578,0,0223613679409027,
791,95,55304298,0,58,0,0250985771417618,
792,95,67350118,0,582,0,027945414185524,
793,95,7939521,0,584,0,0308394283056259,
794,95,91439218,0,586,0,033893421292305,
795,96,03485452,0,588,0,0370429456233978,
796,96,15529392,0,59,0,0402567982673645,
797,96,2757544,0,592,0,043624222278595,
798,96,39619014,0,594,0,0470508188009262,
799,96,51665254,0,596,0,0506394952535629,
800,96,6370901,0,598,0,0543502122163773,
801,96,75754848,0,6,0,0581092610955238,
802,96,8779773,0,602,0,0620507001876831,
803,96,99844254,0,604,0,0660975426435471,
804,97,11888826,0,606,0,0701990202069283,
805,97,2393628,0,608,0,0744877085089684,
806,97,35981044,0,61,0,078824557363987,
807,97,48026938,0,612,0,0833410769701004,
808,97,60071816,0,614,0,0879944413900375,
809,97,72115916,0,616,0,0926941111683846,
810,97,8416138,0,618,0,097578376531601,
811,97,96204578,0,62,0,10258561372757,
812,98,13364818,0,622,0,107763290405273,
813,98,25413446,0,624,0,113046646118164,
814,98,37457922,0,626,0,118349075317383,
815,98,49500684,0,628,0,123870849609375,
816,98,6154564,0,63,0,129493713378906,
817,98,7358993,0,632,0,135168075561523,
818,98,8563587,0,634,0,141077041625977,
819,98,97678366,0,636,0,147102355957031,
820,99,09725146,0,638,0,153144836425781,
821,99,21768558,0,64,0,159427642822266,
822,99,33815344,0,642,0,165739059448242,
823,99,45860728,0,644,0,172273635864258,
824,99,5790352,0,646,0,178926467895508,
825,99,69947464,0,648,0,185617446899414,
826,99,81991618,0,65,0,192550659179688,
827,99,94037744,0,652,0,199617385864258,
828,100,0608153,0,654,0,20667839050293,
829,100,1812726,0,656,0,213996887207031,
830,100,30170292,0,658,0,221324920654297,
831,100,42214606,0,66,0,228918075561523,
832,100,54257654,0,662,0,236639022827148,
833,100,6630259,0,664,0,244333267211914,
834,100,78347494,0,666,0,252330780029297,
835,100,90389974,0,668,0,260435104370117,
836,101,0243611,0,67,0,268550872802734,
837,101,14478806,0,672,0,276914596557617,
838,101,26524056,0,674,0,285287857055664,
839,101,3856838,0,676,0,293933868408203,
840,101,50613344,0,678,0,302713394165039,
841,101,62656406,0,68,0,311473846435547,
842,101,74702066,0,682,0,320503234863281,
843,101,86746108,0,684,0,329687118530273,
844,101,98790618,0,686,0,338844299316406,
845,102,10834298,0,688,0,348260879516602,
846,102,22880382,0,69,0,35767936706543,
847,102,34923258,0,692,0,367410659790039,
848,102,46966308,0,694,0,377225875854492,
849,102,5901155,0,696,0,38702392578125,
850,102,7105632,0,698,0,397127151489258,
851,102,83102646,0,7,0,399860382080078,
852,102,95146066,0,702,0,399856567382813,
853,103,07192372,0,704,0,399860382080078,
854,103,19238088,0,706,0,399858474731445,
855,103,31284924,0,708,0,399858474731445,
856,103,43329692,0,71,0,399858474731445,
857,103,55373688,0,712,0,399856567382813,
858,103,67416946,0,714,0,399856567382813,
859,103,79464378,0,716,0,399858474731445,
860,103,91509204,0,718,0,399862289428711,
861,104,03553378,0,72,0,399856567382813,
862,104,15597162,0,722,0,399858474731445,
863,104,27643568,0,724,0,399858474731445,
864,104,39689568,0,726,0,399858474731445,
865,104,51734434,0,728,0,399858474731445,
866,104,63781278,0,73,0,399858474731445,
867,104,75824146,0,732,0,399858474731445,
868,104,87870862,0,734,0,399858474731445,
869,104,99916372,0,736,0,399858474731445,
870,105,11960994,0,738,0,399858474731445,
871,105,24004926,0,74,0,399856567382813,
872,105,36051188,0,742,0,399860382080078,
873,105,48096046,0,744,0,399858474731445,
874,105,60140664,0,746,0,399858474731445,
875,105,7218398,0,748,0,39985466003418,
876,105,84226738,0,75,0,39985466003418,
877,105,96271372,0,752,0,399856567382813,
878,106,08314448,0,754,0,399856567382813,
879,106,2036144,0,756,0,399862289428711,
880,106,32403886,0,758,0,399856567382813,
881,106,444493,0,76,0,39985466003418,
882,106,5649166,0,762,0,39985466003418,
883,106,68535534,0,764,0,399850845336914,
884,106,8057953,0,766,0,399852752685547,
885,106,92625086,0,768,0,399856567382813,
886,107,04668134,0,77,0,39985466003418,
887,107,16712516,0,772,0,399852752685547,
888,107,28756056,0,774,0,399858474731445,
889,107,40800784,0,776,0,399858474731445,
890,107,52845618,0,778,0,399852752685547,
891,107,6488847,0,78,0,399858474731445,
892,107,76933342,0,782,0,399856567382813,
893,107,88977018,0,784,0,399856567382813,
894,108,01021354,0,786,0,399850845336914,
895,108,13065334,0,788,0,399852752685547,
896,108,25109906,0,79,0,399852752685547,
897,108,3715237,0,792,0,399852752685547,
898,108,49199102,0,794,0,399862289428711,
899,108,61241826,0,796,0,39985466003418,
900,108,73287088,0,798,0,399850845336914,
901,108,85329758,0,8,0,399850845336914,
902,108,97375042,0,802,0,399850845336914,
903,109,09418398,0,804,0,399850845336914,
904,109,21462544,0,806,0,399852752685547,
905,109,33507386,0,808,0,399852752685547,
906,109,45550846,0,81,0,399856567382813,
907,109,57595358,0,812,0,399852752685547,
908,109,69639146,0,814,0,399858474731445,
909,109,81683874,0,816,0,399852752685547,
910,109,93726876,0,818,0,399852752685547,
911,110,0577172,0,82,0,399852752685547,
912,110,17813776,0,822,0,399850845336914,
913,110,29858366,0,824,0,399850845336914,
914,110,41901514,0,826,0,399852752685547,
915,110,53946476,0,828,0,399850845336914,
916,110,65990154,0,83,0,399852752685547,
917,110,78033108,0,832,0,399858474731445,
918,110,90077784,0,834,0,399852752685547,
919,111,02120426,0,836,0,399850845336914,
920,111,14164724,0,838,0,399850845336914,
921,111,26208244,0,84,0,399850845336914,
922,111,38252518,0,842,0,399850845336914,
923,111,50296204,0,844,0,39985466003418,
924,111,62341222,0,846,0,399856567382813,
925,111,7438558,0,848,0,399850845336914,
926,111,86429348,0,85,0,399852752685547,
927,111,98471558,0,852,0,399856567382813,
928,112,105177,0,854,0,399848937988281,
929,112,22560902,0,856,0,399850845336914,
930,112,34604466,0,858,0,399847030639648,
931,112,4664941,0,86,0,399850845336914,
932,112,58693088,0,862,0,399850845336914,
933,112,70737726,0,864,0,399847030639648,
934,112,82781582,0,866,0,399848937988281,
935,112,94825316,0,868,0,399848937988281,
936,113,06868512,0,87,0,399856567382813,
937,113,18912404,0,872,0,399850845336914,
938,113,3095605,0,874,0,399847030639648,
939,113,43000556,0,876,0,399848937988281,
940,113,55043662,0,878,0,399850845336914,
941,113,67087872,0,88,0,399848937988281,
942,113,79131278,0,882,0,399847030639648,
943,113,91178122,0,884,0,399850845336914,
944,114,03222516,0,886,0,399848937988281,
945,114,15265672,0,888,0,399850845336914,
946,114,27311078,0,89,0,399852752685547,
947,114,39353784,0,892,0,399848937988281,
948,114,51399346,0,894,0,399850845336914,
949,114,63442618,0,896,0,399848937988281,
950,114,75488542,0,898,0,399852752685547,
951,114,87531646,0,9,0,399847030639648,
952,114,99576124,0,902,0,399850845336914,
953,115,11619754,0,904,0,399847030639648,
954,115,236648,0,906,0,399847030639648,
955,115,35708118,0,908,0,399852752685547,
956,115,47752702,0,91,0,399850845336914,
957,115,5979565,0,912,0,399848937988281,
958,115,7183933,0,914,0,399845123291016,
959,115,83884058,0,916,0,399847030639648,
960,115,95927208,0,918,0,399847030639648,
961,116,079722,0,92,0,399847030639648,
962,116,20014658,0,922,0,399850845336914,
963,116,3205928,0,924,0,399848937988281,
964,116,44102326,0,926,0,399852752685547,
965,116,5614677,0,928,0,399856567382813,
966,116,68190128,0,93,0,399848937988281,
967,116,80234588,0,932,0,399850845336914,
968,116,92277638,0,934,0,399848937988281,
969,117,0432316,0,936,0,399852752685547,
970,117,16365836,0,938,0,399848937988281,
971,117,28410126,0,94,0,399850845336914,
972,117,4045458,0,942,0,399847030639648,
973,117,5249767,0,944,0,399850845336914,
974,117,64542084,0,946,0,399850845336914,
975,117,76585648,0,948,0,399850845336914,
976,117,88630776,0,95,0,399847030639648,
977,118,0067451,0,952,0,399845123291016,
978,118,1272194,0,954,0,399848937988281,
979,118,2476545,0,956,0,399847030639648,
980,118,36810234,0,958,0,399845123291016,
981,118,48853052,0,96,0,399850845336914,
982,118,6089766,0,962,0,399856567382813,
983,118,7294103,0,964,0,399852752685547,
984,118,84983988,0,966,0,399850845336914,
985,118,9702839,0,968,0,399845123291016,
986,119,09071318,0,97,0,399848937988281,
987,119,21115602,0,972,0,399847030639648,
988,119,33158918,0,974,0,399847030639648,
989,119,45203414,0,976,0,399845123291016,
990,119,5724656,0,978,0,399847030639648,
991,119,6929088,0,98,0,399845123291016,
992,119,81334686,0,982,0,399845123291016,
993,119,93379192,0,984,0,399847030639648,
994,120,054227,0,986,0,399847030639648,
995,120,17467102,0,988,0,399845123291016,
996,120,2951035,0,99,0,39984130859375,
997,120,41554754,0,992,0,399848937988281,
998,120,53598384,0,994,0,399847030639648,
999,120,6564119,0,996,0,399847030639648,
1000,120,7768692,0,998,0,399850845336914,
1001,120,897307,1,0,399848937988281,
